{
  "Class 0": {
    "precision": 0.8571428571428571,
    "recall": 0.5454545454545454,
    "f1-score": 0.6666666666666666,
    "support": 11.0
  },
  "Class 1": {
    "precision": 0.3939393939393939,
    "recall": 0.5652173913043478,
    "f1-score": 0.4642857142857143,
    "support": 23.0
  },
  "Class 2": {
    "precision": 0.0,
    "recall": 0.0,
    "f1-score": 0.0,
    "support": 5.0
  },
  "Class 3": {
    "precision": 0.5555555555555556,
    "recall": 0.6666666666666666,
    "f1-score": 0.6060606060606061,
    "support": 15.0
  },
  "Class 4": {
    "precision": 0.4411764705882353,
    "recall": 0.7142857142857143,
    "f1-score": 0.5454545454545454,
    "support": 21.0
  },
  "Class 5": {
    "precision": 0.0,
    "recall": 0.0,
    "f1-score": 0.0,
    "support": 7.0
  },
  "Class 6": {
    "precision": 0.8888888888888888,
    "recall": 0.6153846153846154,
    "f1-score": 0.7272727272727273,
    "support": 13.0
  },
  "Class 7": {
    "precision": 0.0,
    "recall": 0.0,
    "f1-score": 0.0,
    "support": 7.0
  },
  "Class 8": {
    "precision": 1.0,
    "recall": 0.4,
    "f1-score": 0.5714285714285714,
    "support": 5.0
  },
  "Class 9": {
    "precision": 1.0,
    "recall": 0.5,
    "f1-score": 0.6666666666666666,
    "support": 4.0
  },
  "Class 10": {
    "precision": 1.0,
    "recall": 0.3,
    "f1-score": 0.46153846153846156,
    "support": 10.0
  },
  "Class 11": {
    "precision": 0.7692307692307693,
    "recall": 0.9090909090909091,
    "f1-score": 0.8333333333333334,
    "support": 11.0
  },
  "Class 12": {
    "precision": 1.0,
    "recall": 0.2,
    "f1-score": 0.3333333333333333,
    "support": 5.0
  },
  "Class 13": {
    "precision": 0.8,
    "recall": 0.4444444444444444,
    "f1-score": 0.5714285714285714,
    "support": 9.0
  },
  "Class 14": {
    "precision": 0.7,
    "recall": 0.7,
    "f1-score": 0.7,
    "support": 10.0
  },
  "Class 15": {
    "precision": 1.0,
    "recall": 0.6666666666666666,
    "f1-score": 0.8,
    "support": 9.0
  },
  "Class 16": {
    "precision": 0.0,
    "recall": 0.0,
    "f1-score": 0.0,
    "support": 6.0
  },
  "Class 17": {
    "precision": 0.5,
    "recall": 0.8888888888888888,
    "f1-score": 0.64,
    "support": 18.0
  },
  "Class 18": {
    "precision": 0.4074074074074074,
    "recall": 0.5238095238095238,
    "f1-score": 0.4583333333333333,
    "support": 21.0
  },
  "Class 19": {
    "precision": 0.56,
    "recall": 0.8235294117647058,
    "f1-score": 0.6666666666666666,
    "support": 17.0
  },
  "Class 20": {
    "precision": 1.0,
    "recall": 0.375,
    "f1-score": 0.5454545454545454,
    "support": 8.0
  },
  "Class 21": {
    "precision": 0.375,
    "recall": 0.8571428571428571,
    "f1-score": 0.5217391304347826,
    "support": 35.0
  },
  "Class 22": {
    "precision": 1.0,
    "recall": 0.42857142857142855,
    "f1-score": 0.6,
    "support": 7.0
  },
  "Class 23": {
    "precision": 0.875,
    "recall": 0.5833333333333334,
    "f1-score": 0.7,
    "support": 12.0
  },
  "Class 24": {
    "precision": 0.8,
    "recall": 0.8571428571428571,
    "f1-score": 0.8275862068965517,
    "support": 28.0
  },
  "Class 25": {
    "precision": 0.4,
    "recall": 0.7777777777777778,
    "f1-score": 0.5283018867924528,
    "support": 18.0
  },
  "Class 26": {
    "precision": 0.8333333333333334,
    "recall": 0.5,
    "f1-score": 0.625,
    "support": 10.0
  },
  "Class 27": {
    "precision": 0.0,
    "recall": 0.0,
    "f1-score": 0.0,
    "support": 6.0
  },
  "Class 28": {
    "precision": 0.5,
    "recall": 0.46153846153846156,
    "f1-score": 0.48,
    "support": 13.0
  },
  "Class 29": {
    "precision": 0.0,
    "recall": 0.0,
    "f1-score": 0.0,
    "support": 7.0
  },
  "Class 30": {
    "precision": 0.8,
    "recall": 0.5,
    "f1-score": 0.6153846153846154,
    "support": 8.0
  },
  "Class 31": {
    "precision": 0.8333333333333334,
    "recall": 0.4166666666666667,
    "f1-score": 0.5555555555555556,
    "support": 12.0
  },
  "Class 32": {
    "precision": 0.5,
    "recall": 0.16666666666666666,
    "f1-score": 0.25,
    "support": 6.0
  },
  "Class 33": {
    "precision": 0.0,
    "recall": 0.0,
    "f1-score": 0.0,
    "support": 3.0
  },
  "Class 34": {
    "precision": 0.5555555555555556,
    "recall": 0.7142857142857143,
    "f1-score": 0.625,
    "support": 14.0
  },
  "Class 35": {
    "precision": 1.0,
    "recall": 0.42857142857142855,
    "f1-score": 0.6,
    "support": 7.0
  },
  "Class 36": {
    "precision": 0.55,
    "recall": 0.7857142857142857,
    "f1-score": 0.6470588235294118,
    "support": 14.0
  },
  "Class 37": {
    "precision": 1.0,
    "recall": 0.375,
    "f1-score": 0.5454545454545454,
    "support": 8.0
  },
  "Class 38": {
    "precision": 0.0,
    "recall": 0.0,
    "f1-score": 0.0,
    "support": 6.0
  },
  "Class 39": {
    "precision": 0.875,
    "recall": 0.6363636363636364,
    "f1-score": 0.7368421052631579,
    "support": 11.0
  },
  "Class 40": {
    "precision": 0.0,
    "recall": 0.0,
    "f1-score": 0.0,
    "support": 5.0
  },
  "Class 41": {
    "precision": 0.7142857142857143,
    "recall": 0.6666666666666666,
    "f1-score": 0.6896551724137931,
    "support": 15.0
  },
  "Class 42": {
    "precision": 0.0,
    "recall": 0.0,
    "f1-score": 0.0,
    "support": 7.0
  },
  "Class 43": {
    "precision": 1.0,
    "recall": 0.14285714285714285,
    "f1-score": 0.25,
    "support": 7.0
  },
  "Class 44": {
    "precision": 0.6415094339622641,
    "recall": 0.8095238095238095,
    "f1-score": 0.7157894736842105,
    "support": 42.0
  },
  "Class 45": {
    "precision": 0.7916666666666666,
    "recall": 0.8636363636363636,
    "f1-score": 0.8260869565217391,
    "support": 22.0
  },
  "Class 46": {
    "precision": 0.5,
    "recall": 0.3076923076923077,
    "f1-score": 0.38095238095238093,
    "support": 13.0
  },
  "accuracy": 0.5814360770577933,
  "macro avg": {
    "precision": 0.5833622421253186,
    "recall": 0.4493104294023922,
    "f1-score": 0.46762405522993483,
    "support": 571.0
  },
  "weighted avg": {
    "precision": 0.5981003957898282,
    "recall": 0.5814360770577933,
    "f1-score": 0.5500065192860482,
    "support": 571.0
  }
}