{
    "Class 0": {
        "precision": 0.16666666666666666,
        "recall": 0.058823529411764705,
        "f1-score": 0.08695652173913043,
        "support": 17.0
    },
    "Class 1": {
        "precision": 0.2926829268292683,
        "recall": 0.34285714285714286,
        "f1-score": 0.3157894736842105,
        "support": 35.0
    },
    "Class 2": {
        "precision": 0.0,
        "recall": 0.0,
        "f1-score": 0.0,
        "support": 7.0
    },
    "Class 3": {
        "precision": 0.23529411764705882,
        "recall": 0.18181818181818182,
        "f1-score": 0.20512820512820512,
        "support": 22.0
    },
    "Class 4": {
        "precision": 0.21428571428571427,
        "recall": 0.1935483870967742,
        "f1-score": 0.2033898305084746,
        "support": 31.0
    },
    "Class 5": {
        "precision": 0.2,
        "recall": 0.1,
        "f1-score": 0.13333333333333333,
        "support": 10.0
    },
    "Class 6": {
        "precision": 0.2857142857142857,
        "recall": 0.2,
        "f1-score": 0.23529411764705882,
        "support": 20.0
    },
    "Class 7": {
        "precision": 0.0,
        "recall": 0.0,
        "f1-score": 0.0,
        "support": 10.0
    },
    "Class 8": {
        "precision": 0.2,
        "recall": 0.125,
        "f1-score": 0.15384615384615385,
        "support": 8.0
    },
    "Class 9": {
        "precision": 0.0,
        "recall": 0.0,
        "f1-score": 0.0,
        "support": 6.0
    },
    "Class 10": {
        "precision": 0.25,
        "recall": 0.21428571428571427,
        "f1-score": 0.23076923076923078,
        "support": 14.0
    },
    "Class 11": {
        "precision": 0.2727272727272727,
        "recall": 0.375,
        "f1-score": 0.3157894736842105,
        "support": 16.0
    },
    "Class 12": {
        "precision": 0.0,
        "recall": 0.0,
        "f1-score": 0.0,
        "support": 7.0
    },
    "Class 13": {
        "precision": 0.16666666666666666,
        "recall": 0.07142857142857142,
        "f1-score": 0.1,
        "support": 14.0
    },
    "Class 14": {
        "precision": 0.3333333333333333,
        "recall": 0.3333333333333333,
        "f1-score": 0.3333333333333333,
        "support": 15.0
    },
    "Class 15": {
        "precision": 0.5,
        "recall": 0.5,
        "f1-score": 0.5,
        "support": 14.0
    },
    "Class 16": {
        "precision": 0.0,
        "recall": 0.0,
        "f1-score": 0.0,
        "support": 9.0
    },
    "Class 17": {
        "precision": 0.2692307692307692,
        "recall": 0.5185185185185185,
        "f1-score": 0.35443037974683544,
        "support": 27.0
    },
    "Class 18": {
        "precision": 0.2619047619047619,
        "recall": 0.3548387096774194,
        "f1-score": 0.3013698630136986,
        "support": 31.0
    },
    "Class 19": {
        "precision": 0.45454545454545453,
        "recall": 0.5769230769230769,
        "f1-score": 0.5084745762711864,
        "support": 26.0
    },
    "Class 20": {
        "precision": 0.5,
        "recall": 0.25,
        "f1-score": 0.3333333333333333,
        "support": 12.0
    },
    "Class 21": {
        "precision": 0.5072463768115942,
        "recall": 0.6730769230769231,
        "f1-score": 0.5785123966942148,
        "support": 52.0
    },
    "Class 22": {
        "precision": 0.2857142857142857,
        "recall": 0.18181818181818182,
        "f1-score": 0.2222222222222222,
        "support": 11.0
    },
    "Class 23": {
        "precision": 0.42857142857142855,
        "recall": 0.47368421052631576,
        "f1-score": 0.45,
        "support": 19.0
    },
    "Class 24": {
        "precision": 0.4492753623188406,
        "recall": 0.7380952380952381,
        "f1-score": 0.5585585585585585,
        "support": 42.0
    },
    "Class 25": {
        "precision": 0.2857142857142857,
        "recall": 0.38461538461538464,
        "f1-score": 0.32786885245901637,
        "support": 26.0
    },
    "Class 26": {
        "precision": 0.18181818181818182,
        "recall": 0.13333333333333333,
        "f1-score": 0.15384615384615385,
        "support": 15.0
    },
    "Class 27": {
        "precision": 0.0,
        "recall": 0.0,
        "f1-score": 0.0,
        "support": 10.0
    },
    "Class 28": {
        "precision": 0.5555555555555556,
        "recall": 0.2631578947368421,
        "f1-score": 0.35714285714285715,
        "support": 19.0
    },
    "Class 29": {
        "precision": 0.4444444444444444,
        "recall": 0.36363636363636365,
        "f1-score": 0.4,
        "support": 11.0
    },
    "Class 30": {
        "precision": 0.375,
        "recall": 0.25,
        "f1-score": 0.3,
        "support": 12.0
    },
    "Class 31": {
        "precision": 0.3,
        "recall": 0.17647058823529413,
        "f1-score": 0.2222222222222222,
        "support": 17.0
    },
    "Class 32": {
        "precision": 0.2857142857142857,
        "recall": 0.2222222222222222,
        "f1-score": 0.25,
        "support": 9.0
    },
    "Class 33": {
        "precision": 0.0,
        "recall": 0.0,
        "f1-score": 0.0,
        "support": 4.0
    },
    "Class 34": {
        "precision": 0.36,
        "recall": 0.42857142857142855,
        "f1-score": 0.391304347826087,
        "support": 21.0
    },
    "Class 35": {
        "precision": 0.3333333333333333,
        "recall": 0.2,
        "f1-score": 0.25,
        "support": 10.0
    },
    "Class 36": {
        "precision": 0.2777777777777778,
        "recall": 0.5,
        "f1-score": 0.35714285714285715,
        "support": 20.0
    },
    "Class 37": {
        "precision": 0.25,
        "recall": 0.08333333333333333,
        "f1-score": 0.125,
        "support": 12.0
    },
    "Class 38": {
        "precision": 0.0,
        "recall": 0.0,
        "f1-score": 0.0,
        "support": 10.0
    },
    "Class 39": {
        "precision": 0.1875,
        "recall": 0.17647058823529413,
        "f1-score": 0.18181818181818182,
        "support": 17.0
    },
    "Class 40": {
        "precision": 0.5,
        "recall": 0.125,
        "f1-score": 0.2,
        "support": 8.0
    },
    "Class 41": {
        "precision": 0.4444444444444444,
        "recall": 0.34782608695652173,
        "f1-score": 0.3902439024390244,
        "support": 23.0
    },
    "Class 42": {
        "precision": 0.3333333333333333,
        "recall": 0.2727272727272727,
        "f1-score": 0.3,
        "support": 11.0
    },
    "Class 43": {
        "precision": 0.2,
        "recall": 0.1,
        "f1-score": 0.13333333333333333,
        "support": 10.0
    },
    "Class 44": {
        "precision": 0.5274725274725275,
        "recall": 0.7619047619047619,
        "f1-score": 0.6233766233766234,
        "support": 63.0
    },
    "Class 45": {
        "precision": 0.46153846153846156,
        "recall": 0.5454545454545454,
        "f1-score": 0.5,
        "support": 33.0
    },
    "Class 46": {
        "precision": 0.20833333333333334,
        "recall": 0.25,
        "f1-score": 0.22727272727272727,
        "support": 20.0
    },
    "accuracy": 0.36098130841121495,
    "macro avg": {
        "precision": 0.27203913590313544,
        "recall": 0.25633560686871815,
        "f1-score": 0.2513000651572867,
        "support": 856.0
    },
    "weighted avg": {
        "precision": 0.3260181895983345,
        "recall": 0.36098130841121495,
        "f1-score": 0.33013459572002907,
        "support": 856.0
    }
}