{
  "Class 0": {
    "precision": 0.125,
    "recall": 0.09090909090909091,
    "f1-score": 0.10526315789473684,
    "support": 11.0
  },
  "Class 1": {
    "precision": 0.3103448275862069,
    "recall": 0.391304347826087,
    "f1-score": 0.34615384615384615,
    "support": 23.0
  },
  "Class 2": {
    "precision": 0.0,
    "recall": 0.0,
    "f1-score": 0.0,
    "support": 5.0
  },
  "Class 3": {
    "precision": 0.4166666666666667,
    "recall": 0.3333333333333333,
    "f1-score": 0.37037037037037035,
    "support": 15.0
  },
  "Class 4": {
    "precision": 0.42857142857142855,
    "recall": 0.42857142857142855,
    "f1-score": 0.42857142857142855,
    "support": 21.0
  },
  "Class 5": {
    "precision": 0.0,
    "recall": 0.0,
    "f1-score": 0.0,
    "support": 7.0
  },
  "Class 6": {
    "precision": 0.36363636363636365,
    "recall": 0.3076923076923077,
    "f1-score": 0.3333333333333333,
    "support": 13.0
  },
  "Class 7": {
    "precision": 0.09090909090909091,
    "recall": 0.14285714285714285,
    "f1-score": 0.1111111111111111,
    "support": 7.0
  },
  "Class 8": {
    "precision": 0.18181818181818182,
    "recall": 0.4,
    "f1-score": 0.25,
    "support": 5.0
  },
  "Class 9": {
    "precision": 0.5,
    "recall": 0.25,
    "f1-score": 0.3333333333333333,
    "support": 4.0
  },
  "Class 10": {
    "precision": 0.3333333333333333,
    "recall": 0.3,
    "f1-score": 0.3157894736842105,
    "support": 10.0
  },
  "Class 11": {
    "precision": 0.3333333333333333,
    "recall": 0.2727272727272727,
    "f1-score": 0.3,
    "support": 11.0
  },
  "Class 12": {
    "precision": 0.1,
    "recall": 0.2,
    "f1-score": 0.13333333333333333,
    "support": 5.0
  },
  "Class 13": {
    "precision": 0.36363636363636365,
    "recall": 0.4444444444444444,
    "f1-score": 0.4,
    "support": 9.0
  },
  "Class 14": {
    "precision": 0.3076923076923077,
    "recall": 0.4,
    "f1-score": 0.34782608695652173,
    "support": 10.0
  },
  "Class 15": {
    "precision": 0.3076923076923077,
    "recall": 0.4444444444444444,
    "f1-score": 0.36363636363636365,
    "support": 9.0
  },
  "Class 16": {
    "precision": 0.0,
    "recall": 0.0,
    "f1-score": 0.0,
    "support": 6.0
  },
  "Class 17": {
    "precision": 0.42857142857142855,
    "recall": 0.5,
    "f1-score": 0.46153846153846156,
    "support": 18.0
  },
  "Class 18": {
    "precision": 0.10526315789473684,
    "recall": 0.09523809523809523,
    "f1-score": 0.1,
    "support": 21.0
  },
  "Class 19": {
    "precision": 0.45454545454545453,
    "recall": 0.5882352941176471,
    "f1-score": 0.5128205128205128,
    "support": 17.0
  },
  "Class 20": {
    "precision": 0.2857142857142857,
    "recall": 0.25,
    "f1-score": 0.26666666666666666,
    "support": 8.0
  },
  "Class 21": {
    "precision": 0.48936170212765956,
    "recall": 0.6571428571428571,
    "f1-score": 0.5609756097560976,
    "support": 35.0
  },
  "Class 22": {
    "precision": 0.6666666666666666,
    "recall": 0.2857142857142857,
    "f1-score": 0.4,
    "support": 7.0
  },
  "Class 23": {
    "precision": 0.17647058823529413,
    "recall": 0.25,
    "f1-score": 0.20689655172413793,
    "support": 12.0
  },
  "Class 24": {
    "precision": 0.6153846153846154,
    "recall": 0.5714285714285714,
    "f1-score": 0.5925925925925926,
    "support": 28.0
  },
  "Class 25": {
    "precision": 0.35,
    "recall": 0.3888888888888889,
    "f1-score": 0.3684210526315789,
    "support": 18.0
  },
  "Class 26": {
    "precision": 0.3333333333333333,
    "recall": 0.2,
    "f1-score": 0.25,
    "support": 10.0
  },
  "Class 27": {
    "precision": 0.0,
    "recall": 0.0,
    "f1-score": 0.0,
    "support": 6.0
  },
  "Class 28": {
    "precision": 0.36363636363636365,
    "recall": 0.3076923076923077,
    "f1-score": 0.3333333333333333,
    "support": 13.0
  },
  "Class 29": {
    "precision": 0.0,
    "recall": 0.0,
    "f1-score": 0.0,
    "support": 7.0
  },
  "Class 30": {
    "precision": 0.2,
    "recall": 0.25,
    "f1-score": 0.2222222222222222,
    "support": 8.0
  },
  "Class 31": {
    "precision": 0.0,
    "recall": 0.0,
    "f1-score": 0.0,
    "support": 12.0
  },
  "Class 32": {
    "precision": 0.15384615384615385,
    "recall": 0.3333333333333333,
    "f1-score": 0.21052631578947367,
    "support": 6.0
  },
  "Class 33": {
    "precision": 0.0,
    "recall": 0.0,
    "f1-score": 0.0,
    "support": 3.0
  },
  "Class 34": {
    "precision": 0.75,
    "recall": 0.42857142857142855,
    "f1-score": 0.5454545454545454,
    "support": 14.0
  },
  "Class 35": {
    "precision": 0.6,
    "recall": 0.42857142857142855,
    "f1-score": 0.5,
    "support": 7.0
  },
  "Class 36": {
    "precision": 0.45454545454545453,
    "recall": 0.35714285714285715,
    "f1-score": 0.4,
    "support": 14.0
  },
  "Class 37": {
    "precision": 0.5,
    "recall": 0.25,
    "f1-score": 0.3333333333333333,
    "support": 8.0
  },
  "Class 38": {
    "precision": 0.14285714285714285,
    "recall": 0.16666666666666666,
    "f1-score": 0.15384615384615385,
    "support": 6.0
  },
  "Class 39": {
    "precision": 0.45454545454545453,
    "recall": 0.45454545454545453,
    "f1-score": 0.45454545454545453,
    "support": 11.0
  },
  "Class 40": {
    "precision": 0.25,
    "recall": 0.4,
    "f1-score": 0.3076923076923077,
    "support": 5.0
  },
  "Class 41": {
    "precision": 0.5714285714285714,
    "recall": 0.26666666666666666,
    "f1-score": 0.36363636363636365,
    "support": 15.0
  },
  "Class 42": {
    "precision": 0.0,
    "recall": 0.0,
    "f1-score": 0.0,
    "support": 7.0
  },
  "Class 43": {
    "precision": 0.16666666666666666,
    "recall": 0.14285714285714285,
    "f1-score": 0.15384615384615385,
    "support": 7.0
  },
  "Class 44": {
    "precision": 0.6410256410256411,
    "recall": 0.5952380952380952,
    "f1-score": 0.6172839506172839,
    "support": 42.0
  },
  "Class 45": {
    "precision": 0.625,
    "recall": 0.45454545454545453,
    "f1-score": 0.5263157894736842,
    "support": 22.0
  },
  "Class 46": {
    "precision": 0.5,
    "recall": 0.15384615384615385,
    "f1-score": 0.23529411764705882,
    "support": 13.0
  },
  "accuracy": 0.3520140105078809,
  "macro avg": {
    "precision": 0.3072658911893725,
    "recall": 0.28048103819176357,
    "f1-score": 0.2811907090967235,
    "support": 571.0
  },
  "weighted avg": {
    "precision": 0.3777595715683279,
    "recall": 0.3520140105078809,
    "f1-score": 0.3539037420856642,
    "support": 571.0
  }
}