{
    "Class 0": {
        "precision": 0.0,
        "recall": 0.0,
        "f1-score": 0.0,
        "support": 11.0
    },
    "Class 1": {
        "precision": 0.0975609756097561,
        "recall": 0.17391304347826086,
        "f1-score": 0.125,
        "support": 23.0
    },
    "Class 2": {
        "precision": 0.0,
        "recall": 0.0,
        "f1-score": 0.0,
        "support": 5.0
    },
    "Class 3": {
        "precision": 0.0,
        "recall": 0.0,
        "f1-score": 0.0,
        "support": 15.0
    },
    "Class 4": {
        "precision": 0.11764705882352941,
        "recall": 0.09523809523809523,
        "f1-score": 0.10526315789473684,
        "support": 21.0
    },
    "Class 5": {
        "precision": 0.25,
        "recall": 0.14285714285714285,
        "f1-score": 0.18181818181818182,
        "support": 7.0
    },
    "Class 6": {
        "precision": 0.16666666666666666,
        "recall": 0.07692307692307693,
        "f1-score": 0.10526315789473684,
        "support": 13.0
    },
    "Class 7": {
        "precision": 0.0,
        "recall": 0.0,
        "f1-score": 0.0,
        "support": 7.0
    },
    "Class 8": {
        "precision": 0.0,
        "recall": 0.0,
        "f1-score": 0.0,
        "support": 5.0
    },
    "Class 9": {
        "precision": 0.0,
        "recall": 0.0,
        "f1-score": 0.0,
        "support": 4.0
    },
    "Class 10": {
        "precision": 0.125,
        "recall": 0.1,
        "f1-score": 0.1111111111111111,
        "support": 10.0
    },
    "Class 11": {
        "precision": 0.2222222222222222,
        "recall": 0.18181818181818182,
        "f1-score": 0.2,
        "support": 11.0
    },
    "Class 12": {
        "precision": 0.0,
        "recall": 0.0,
        "f1-score": 0.0,
        "support": 5.0
    },
    "Class 13": {
        "precision": 0.16666666666666666,
        "recall": 0.1111111111111111,
        "f1-score": 0.13333333333333333,
        "support": 9.0
    },
    "Class 14": {
        "precision": 0.0,
        "recall": 0.0,
        "f1-score": 0.0,
        "support": 10.0
    },
    "Class 15": {
        "precision": 0.0,
        "recall": 0.0,
        "f1-score": 0.0,
        "support": 9.0
    },
    "Class 16": {
        "precision": 0.0,
        "recall": 0.0,
        "f1-score": 0.0,
        "support": 6.0
    },
    "Class 17": {
        "precision": 0.14285714285714285,
        "recall": 0.16666666666666666,
        "f1-score": 0.15384615384615385,
        "support": 18.0
    },
    "Class 18": {
        "precision": 0.08,
        "recall": 0.09523809523809523,
        "f1-score": 0.08695652173913043,
        "support": 21.0
    },
    "Class 19": {
        "precision": 0.45454545454545453,
        "recall": 0.5882352941176471,
        "f1-score": 0.5128205128205128,
        "support": 17.0
    },
    "Class 20": {
        "precision": 0.5,
        "recall": 0.125,
        "f1-score": 0.2,
        "support": 8.0
    },
    "Class 21": {
        "precision": 0.1864406779661017,
        "recall": 0.3142857142857143,
        "f1-score": 0.23404255319148937,
        "support": 35.0
    },
    "Class 22": {
        "precision": 0.5,
        "recall": 0.14285714285714285,
        "f1-score": 0.2222222222222222,
        "support": 7.0
    },
    "Class 23": {
        "precision": 0.14285714285714285,
        "recall": 0.08333333333333333,
        "f1-score": 0.10526315789473684,
        "support": 12.0
    },
    "Class 24": {
        "precision": 0.20512820512820512,
        "recall": 0.2857142857142857,
        "f1-score": 0.23880597014925373,
        "support": 28.0
    },
    "Class 25": {
        "precision": 0.2,
        "recall": 0.2222222222222222,
        "f1-score": 0.21052631578947367,
        "support": 18.0
    },
    "Class 26": {
        "precision": 0.1,
        "recall": 0.1,
        "f1-score": 0.1,
        "support": 10.0
    },
    "Class 27": {
        "precision": 0.0,
        "recall": 0.0,
        "f1-score": 0.0,
        "support": 6.0
    },
    "Class 28": {
        "precision": 0.2,
        "recall": 0.15384615384615385,
        "f1-score": 0.17391304347826086,
        "support": 13.0
    },
    "Class 29": {
        "precision": 0.0,
        "recall": 0.0,
        "f1-score": 0.0,
        "support": 7.0
    },
    "Class 30": {
        "precision": 1.0,
        "recall": 0.25,
        "f1-score": 0.4,
        "support": 8.0
    },
    "Class 31": {
        "precision": 0.0,
        "recall": 0.0,
        "f1-score": 0.0,
        "support": 12.0
    },
    "Class 32": {
        "precision": 0.16666666666666666,
        "recall": 0.16666666666666666,
        "f1-score": 0.16666666666666666,
        "support": 6.0
    },
    "Class 33": {
        "precision": 0.0,
        "recall": 0.0,
        "f1-score": 0.0,
        "support": 3.0
    },
    "Class 34": {
        "precision": 0.23529411764705882,
        "recall": 0.2857142857142857,
        "f1-score": 0.25806451612903225,
        "support": 14.0
    },
    "Class 35": {
        "precision": 0.0,
        "recall": 0.0,
        "f1-score": 0.0,
        "support": 7.0
    },
    "Class 36": {
        "precision": 0.125,
        "recall": 0.07142857142857142,
        "f1-score": 0.09090909090909091,
        "support": 14.0
    },
    "Class 37": {
        "precision": 0.0,
        "recall": 0.0,
        "f1-score": 0.0,
        "support": 8.0
    },
    "Class 38": {
        "precision": 0.0,
        "recall": 0.0,
        "f1-score": 0.0,
        "support": 6.0
    },
    "Class 39": {
        "precision": 0.11764705882352941,
        "recall": 0.18181818181818182,
        "f1-score": 0.14285714285714285,
        "support": 11.0
    },
    "Class 40": {
        "precision": 0.0,
        "recall": 0.0,
        "f1-score": 0.0,
        "support": 5.0
    },
    "Class 41": {
        "precision": 0.0967741935483871,
        "recall": 0.2,
        "f1-score": 0.13043478260869565,
        "support": 15.0
    },
    "Class 42": {
        "precision": 0.0,
        "recall": 0.0,
        "f1-score": 0.0,
        "support": 7.0
    },
    "Class 43": {
        "precision": 0.0,
        "recall": 0.0,
        "f1-score": 0.0,
        "support": 7.0
    },
    "Class 44": {
        "precision": 0.3466666666666667,
        "recall": 0.6190476190476191,
        "f1-score": 0.4444444444444444,
        "support": 42.0
    },
    "Class 45": {
        "precision": 0.4,
        "recall": 0.36363636363636365,
        "f1-score": 0.38095238095238093,
        "support": 22.0
    },
    "Class 46": {
        "precision": 0.1111111111111111,
        "recall": 0.07692307692307693,
        "f1-score": 0.09090909090909091,
        "support": 13.0
    },
    "accuracy": 0.18213660245183888,
    "macro avg": {
        "precision": 0.13737770271928312,
        "recall": 0.11435094308387009,
        "f1-score": 0.11288135124808249,
        "support": 571.0
    },
    "weighted avg": {
        "precision": 0.16826951823574052,
        "recall": 0.18213660245183888,
        "f1-score": 0.1624188852190756,
        "support": 571.0
    }
}